Sicachu,57310
crackprosh,22929
breezyexcursion,36762
ari5,2149
Hiten,56345
Tatsu,2425
LeeğŸ§,6696
teepan,73
Hosea,26678
cdorner,8601
Uglysteve,10142
bokchoiii,98359
Heyzeus,14092
wlofaubro,30082
Armando,35179
soup,10790
FatMac,1765
renavlt,13672
Zeni,2459
TOTAL,580092
ChrasSC,711
Light,293
NigerianKnightmare,9641
Barinade88,17806
peace,22
MegaTech,443
TK,38651
zithers,13283
Drewnami,445
Skullface,127
Paul,5465
Neoconkers,456
GitHub,64
znnsk,4
DEKMS,7266
Chucky2sRevenge,1990
TheSwaggersaurus,4365
pereza,148
daffadilio,226
lapiz,615
JohnğŸ¦´,242
MrMallard,4562
croon,48
kwoo,1
Chev427BB,1
Tee,133
BatmanVonDoom,132
East,926
SwordMaster13X,114
Shinroken,7
Vulgorn,11837
teep,1894
iONLYsimpforVoldemort,37
Ari,8
vflytrapp,17
bean,9
lovedeluxe,47
gna647,83
parappa,8
BlankGilbert,177
MissBlakeOps,7
MoisstToulette,1
Muzic,907
VoltTantrum,28
PatbuttğŸ‘»ğŸƒ,141
evae,129
My_Own_Persona,14
Bignutz,14
Null,10
Smallnutz,128
3ric,443
badname,19430
Instagig,10
Oreos,18
